<?xml version="1.0" encoding="UTF-8" standalone="yes" ?>
<manifest
	xmlns="urn:oid:1.3.6.1.4.1.37476.2.5.2.5.2.1" 
	xmlns:xsi="http://www.w3.org/2001/XMLSchema-instance"
	xsi:schemaLocation="urn:oid:1.3.6.1.4.1.37476.2.5.2.5.2.1 https://oidplus.viathinksoft.com/oidplus/plugins/manifest_plugin_page.xsd">

	<type>ViaThinkSoft\OIDplus\OIDplusPagePluginPublic</type>

	<info>
		<name>Login using Webfan</name>
		<author>Webfan</author>
		<version />
		<descriptionHTML />
		<oid>1.3.6.1.4.1.37476.9000.108.1000.801</oid>
	</info>

	<php>
		<mainclass>Frdlweb\OIDplusPagePublicLoginWebfan</mainclass>
	</php>

	<css>
	</css>

	<js>
	</js>
	
</manifest>
